title,director,year
Grand Illusion,Jean Renoir,1937
Seven Samurai,Akira Kurosawa,1954
The Lady Vanishes,Alfred Hitchcock,1938
Amarcord,Federico Fellini,1973
The 400 Blows,François Truffaut,1959
Beauty and the Beast,Jean Cocteau,1946
A Night to Remember,Roy Ward Baker,1958
The Killer,John Woo,1989
Hard Boiled,John Woo,1992
Walkabout,Nicolas Roeg,1971
The Seventh Seal,Ingmar Bergman,1957
This Is Spinal Tap,Rob Reiner,1984
The Silence of the Lambs,Jonathan Demme,1991
Samurai I: Musashi Miyamoto,Hiroshi Inagaki,1954
Samurai II: Duel at Ichijoji Temple,Hiroshi Inagaki,1955
Samurai III: Duel at Ganryu Island,Hiroshi Inagaki,1956
"Salò, or The 120 Days of Sodom",Pier Paolo Pasolini,1976
The Naked Kiss,Samuel Fuller,1964
Shock Corridor,Samuel Fuller,1963
Sid & Nancy,Alex Cox,1986
Dead Ringers,David Cronenberg,1988
Summertime,David Lean,1955
RoboCop,Paul Verhoeven,1987
High and Low,Akira Kurosawa,1963
Alphaville,Jean-Luc Godard,1965
The Long Good Friday,John Mackenzie,1979
Flesh for Frankenstein,Paul Morrissey,1973
Blood for Dracula,Paul Morrissey,1974
Picnic at Hanging Rock,Peter Weir,1975
M,Fritz Lang,1931
Great Expectations,David Lean,1946
Oliver Twist,David Lean,1948
Nanook of the North,Robert Flaherty,1922
Andrei Rublev,Andrei Tarkovsky,1966
Diabolique,Henri-Georges Clouzot,1955
The Wages of Fear,Henri-Georges Clouzot,1953
Time Bandits,Terry Gilliam,1981
Branded to Kill,Seijun Suzuki,1967
Tokyo Drifter,Seijun Suzuki,1966
Armageddon,Michael Bay,1998
Henry V,Laurence Olivier,1944
Fishing with John,John Lurie,1992
Lord of the Flies,Peter Brook,1963
The Red Shoes,Michael Powell and Emeric Pressburger,1948
Taste of Cherry,Abbas Kiarostami,1997
The Most Dangerous Game,Ernest B. Schoedsack…,1932
Insomnia,Erik Skjoldbjærg,1997
Black Orpheus,Marcel Camus,1959
Nights of Cabiria,Federico Fellini,1957
And the Ship Sails On,Federico Fellini,1983
Brazil,Terry Gilliam,1985
Yojimbo,Akira Kurosawa,1961
Sanjuro,Akira Kurosawa,1962
For All Mankind,Al Reinert,1989
The Unbearable Lightness of Being,Philip Kaufman,1988
The 39 Steps,Alfred Hitchcock,1935
Charade,Stanley Donen,1963
Peeping Tom,Michael Powell,1960
The Night Porter,Liliana Cavani,1974
Autumn Sonata,Ingmar Bergman,1978
Monty Python’s Life of Brian,Terry Jones,1979
The Passion of Joan of Arc,Carl Th. Dreyer,1928
Carnival of Souls,Herk Harvey,1962
The Third Man,Carol Reed,1949
Rushmore,Wes Anderson,1998
The Orphic Trilogy, , 
The Blood of a Poet,Jean Cocteau,1930
Orpheus,Jean Cocteau,1950
Testament of Orpheus,Jean Cocteau,1959
The Last Temptation of Christ,Martin Scorsese,1988
The Magic Flute,Ingmar Bergman,1975
Le million,René Clair,1931
Cléo from 5 to 7,Agnès Varda,1962
Vagabond,Agnès Varda,1985
Chasing Amy,Kevin Smith,1997
Brief Encounter,David Lean,1945
And God Created Woman,Roger Vadim,1956
The Bank Dick,Edward Cline,1940
W. C. Fields—Six Short Films,Monte Brice…,1933
The Element of Crime,Lars von Trier,1984
Variety Lights,Federico Fellini…,1950
Hamlet,Laurence Olivier,1948
The Harder They Come,Perry Henzell,1972
Good Morning,Yasujirō Ozu,1959
Pygmalion,Anthony Asquith…,1938
Eisenstein: The Sound Years, , 
Alexander Nevsky,Sergei Eisenstein,1938
"Ivan the Terrible, Part I",Sergei Eisenstein,1944
"Ivan the Terrible, Part II",Sergei Eisenstein,1958
Sisters,Brian De Palma,1973
Kwaidan,Masaki Kobayashi,1965
The Blob,Irvin S. Yeaworth Jr.,1958
Fiend Without a Face,Arthur Crabtree,1958
Black Narcissus,Michael Powell and Emeric Pressburger,1947
I Know Where I’m Going!,Michael Powell…,1945
All That Heaven Allows,Douglas Sirk,1955
Written on the Wind,Douglas Sirk,1956
Do the Right Thing,Spike Lee,1989
L’avventura,Michelangelo Antonioni,1960
Gimme Shelter,"David Maysles, Albert Maysles, and Charlotte Zwerin",1970
Beastie Boys Video Anthology,Various,2000
Cries and Whispers,Ingmar Bergman,1972
The Discreet Charm of the Bourgeoisie,Luis Buñuel,1972
The Lady Eve,Preston Sturges,1941
Double Suicide,Masahiro Shinoda,1969
Spartacus,Stanley Kubrick,1960
Coup de torchon,Bertrand Tavernier,1981
Mona Lisa,Neil Jordan,1986
The Rock,Michael Bay,1996
The Scarlet Empress,Josef von Sternberg,1934
Monsieur Hulot’s Holiday,Jacques Tati,1953
Mon oncle,Jacques Tati,1958
PlayTime,Jacques Tati,1967
Big Deal on Madonna Street,Mario Monicelli,1958
My Man Godfrey,Gregory La Cava,1936
Rififi,Jules Dassin,1955
The Hidden Fortress,Akira Kurosawa,1958
Diary of a Chambermaid,Luis Buñuel,1964
Sullivan’s Travels,Preston Sturges,1941
Withnail and I,Bruce Robinson,1986
How to Get Ahead in Advertising,Bruce Robinson,1988
Billy Liar,John Schlesinger,1963
Salesman,David Maysles…,1969
Grey Gardens,"David Maysles, Albert Maysles, Ellen Hovde, Muffie Meyer",1976
Carl Theodor Dreyer Box Set, , 
Day of Wrath,Carl Th. Dreyer,1943
Ordet,Carl Th. Dreyer,1955
Gertrud,Carl Th. Dreyer,1964
Carl Th. Dreyer—My Metier,Torben Skjødt Jensen,1995
Le trou,Jacques Becker,1960
The Shop on Main Street,Ján Kadár…,1965
Closely Watched Trains,Jiří Menzel,1966
The Ruling Class,Peter Medak,1972
The Vanishing,George Sluizer,1988
Häxan,Benjamin Christensen,1922
Rebecca,Alfred Hitchcock,1940
Spellbound,Alfred Hitchcock,1945
Notorious,Alfred Hitchcock,1946
Rashomon,Akira Kurosawa,1950
Wild Strawberries,Ingmar Bergman,1957
8½,Federico Fellini,1963
Children of Paradise,Marcel Carné,1945
The Last Wave,Peter Weir,1977
That Obscure Object of Desire,Luis Buñuel,1977
Loves of a Blonde,Miloš Forman,1965
The Firemen’s Ball,Miloš Forman,1967
The Cranes Are Flying,Mikhail Kalatozov,1957
In the Mood for Love,Wong Kar Wai,2000
Ballad of a Soldier,Grigori Chukhrai,1959
Juliet of the Spirits,Federico Fellini,1965
Bob le flambeur,Jean-Pierre Melville,1956
Traffic,Steven Soderbergh,2000
George Washington,David Gordon Green,2000
General Idi Amin Dada: A Self-Portrait,Barbet Schroeder,1974
The Horse’s Mouth,Ronald Neame,1958
Tokyo Olympiad,Kon Ichikawa,1965
Hearts and Minds,Peter Davis,1974
The Royal Tenenbaums,Wes Anderson,2001
The Importance of Being Earnest,Anthony Asquith,1952
Red Beard,Akira Kurosawa,1965
À nous la liberté,René Clair,1931
Under the Roofs of Paris,René Clair,1930
Ratcatcher,Lynne Ramsay,1999
Hopscotch,Ronald Neame,1980
Solaris,Andrei Tarkovsky,1972
Man Bites Dog,Rémy Belvaux…,1992
Down by Law,Jim Jarmusch,1986
The Complete Monterey Pop Festival, , 
Monterey Pop,D. A. Pennebaker,1968
Jimi Plays Monterey & Shake! Otis at Monterey,Chris Hegedus…,1986
Trouble in Paradise,Ernst Lubitsch,1932
Contempt,Jean-Luc Godard,1963
Pépé le moko,Julien Duvivier,1937
The Life and Death of Colonel Blimp,Michael Powell…,1943
Band of Outsiders,Jean-Luc Godard,1964
Fear and Loathing in Las Vegas,Terry Gilliam,1998
The Killers, , 
The Lost Honor of Katharina Blum,Volker Schlöndorff…,1975
My Life as a Dog,Lasse Hallström,1985
I Am Curious . . . Box set, , 
I Am Curious—Yellow,Vilgot Sjöman,1967
I Am Curious—Blue,Vilgot Sjöman,1967
Straw Dogs,Sam Peckinpah,1971
Les dames du Bois de Boulogne,Robert Bresson,1945
"By Brakhage: An Anthology, Volume One",Stan Brakhage,
The Adventures of Antoine Doinel, , 
Stolen Kisses,François Truffaut,1968
Bed and Board,François Truffaut,1970
Love on the Run,François Truffaut,1979
The White Sheik,Federico Fellini,1952
Throne of Blood,Akira Kurosawa,1957
Jubilee,Derek Jarman,1978
Coup de grâce,Volker Schlöndorff,1976
Quai des Orfèvres,Henri-Georges Clouzot,1947
Il posto,Ermanno Olmi,1961
I fidanzati,Ermanno Olmi,1962
Hiroshima mon amour,Alain Resnais,1959
Night and Fog,Alain Resnais,1955
Ali: Fear Eats the Soul,Rainer Werner Fassbinder,1974
Schizopolis,Steven Soderbergh,1996
The Honeymoon Killers,Leonard Kastle,1969
Umberto D.,Vittorio De Sica,1952
Indiscretion of an American Wife,Vittorio De Sica,1953
The BRD Trilogy, , 
The Marriage of Maria Braun,Rainer Werner Fassbinder,1979
Veronika Voss,Rainer Werner Fassbinder,1982
Lola,Rainer Werner Fassbinder,1981
The Pornographers,Shohei Imamura,1966
A Film Trilogy by Ingmar Bergman, , 
Through a Glass Darkly,Ingmar Bergman,1961
Winter Light,Ingmar Bergman,1963
The Silence,Ingmar Bergman,1963
Richard III,Laurence Olivier,1955
The Devil and Daniel Webster,William Dieterle,1941
Knife in the Water,Roman Polanski,1962
The Rules of the Game,Jean Renoir,1939
Tokyo Story,Yasujirō Ozu,1953
Le cercle rouge,Jean-Pierre Melville,1970
La strada,Federico Fellini,1954
Naked Lunch,David Cronenberg,1991
Ikiru,Akira Kurosawa,1952
Diary of a Country Priest,Robert Bresson,1951
Maîtresse,Barbet Schroeder,1976
Pickup on South Street,Samuel Fuller,1953
Tunes of Glory,Ronald Neame,1960
Onibaba,Kaneto Shindo,1964
Le Corbeau,Henri-Georges Clouzot,1943
Salvatore Giuliano,Francesco Rosi,1962
Scenes from a Marriage,Ingmar Bergman,1973
3 Women,Robert Altman,1977
The Testament of Dr. Mabuse,Fritz Lang,1933
A Story of Floating Weeds/Floating Weeds: Two Films by Yasujirō Ozu, , 
Stray Dog,Akira Kurosawa,1949
The Tin Drum,Volker Schlöndorff,1979
The Leopard,Luchino Visconti,1963
Mamma Roma,Pier Paolo Pasolini,1962
Smiles of a Summer Night,Ingmar Bergman,1955
A Woman Is a Woman,Jean-Luc Godard,1961
The Lower Depths, , 
Early Summer,Yasujirō Ozu,1951
Stage and Spectacle: Three Films by Jean Renoir, , 
The Golden Coach,Jean Renoir,1953
French Cancan,Jean Renoir,1955
Elena and Her Men,Jean Renoir,1956
Port of Shadows,Marcel Carné,1938
I vitelloni,Federico Fellini,1953
Slacker,Richard Linklater,1991
Videodrome,David Cronenberg,1983
The Battle of Algiers,Gillo Pontecorvo,1966
John Cassavetes: Five Films, , 
Shadows,John Cassavetes,1959
Faces,John Cassavetes,1968
A Woman Under the Influence,John Cassavetes,1974
The Killing of a Chinese Bookie,John Cassavetes,1976
Opening Night,John Cassavetes,1977
A Constant Forge,Charles Kiselyak,2000
Secret Honor,Robert Altman,1984
Tanner ’88,Robert Altman,1988
Fat Girl,Catherine Breillat,2001
Eyes Without a Face,Georges Franju,1960
Fanny and Alexander Box Set, , 
Fanny and Alexander: Television Version,Ingmar Bergman,1983
Fanny and Alexander: Theatrical Version,Ingmar Bergman,1982
The Making of Fanny and Alexander,Ingmar Bergman,1982
Short Cuts,Robert Altman,1993
The King of Kings,Cecil B. DeMille,1927
Kagemusha,Akira Kurosawa,1980
Youth of the Beast,Seijun Suzuki,1963
Fighting Elegy,Seijun Suzuki,1966
Casque d’or,Jacques Becker,1952
Touchez pas au grisbi,Jacques Becker,1954
La commare secca,Bernardo Bertolucci,1962
Thieves’ Highway,Jules Dassin,1949
Night and the City,Jules Dassin,1950
Tout va bien,Jean-Luc Godard…,1972
The River,Jean Renoir,1951
My Own Private Idaho,Gus Van Sant,1991
L’eclisse,Michelangelo Antonioni,1962
Young Törless,Volker Schlöndorff,1966
The Sword of Doom,Kihachi Okamoto,1966
Jules and Jim,François Truffaut,1962
Andrzej Wajda: Three War Films, , 
A Generation,Andrzej Wajda,1955
Kanal,Andrzej Wajda,1957
Ashes and Diamonds,Andrzej Wajda,1958
Divorce Italian Style,Pietro Germi,1961
Burden of Dreams,Les Blank,1982
F for Fake,Orson Welles,1975
Hoop Dreams,Steve James,1994
The Phantom of Liberty,Luis Buñuel,1974
Heaven Can Wait,Ernst Lubitsch,1943
Unfaithfully Yours,Preston Sturges,1948
The Flowers of St. Francis,Roberto Rossellini,1950
The Browning Version,Anthony Asquith,1951
Crazed Fruit,Kô Nakahira,1956
 Le notti bianche,Luchino Visconti,1957
Au hasard Balthazar,Robert Bresson,1966
Gate of Flesh,Seijun Suzuki,1964
Story of a Prostitute,Seijun Suzuki,1965
The Life Aquatic with Steve Zissou,Wes Anderson,2004
An Angel at My Table,Jane Campion,1990
Harakiri,Masaki Kobayashi,1962
Bad Timing,Nicolas Roeg,1980
The Man Who Fell to Earth,Nicolas Roeg,1976
Boudu Saved from Drowning,Jean Renoir,1932
Le samouraï,Jean-Pierre Melville,1967
Naked,Mike Leigh,1993
Masculin féminin,Jean-Luc Godard,1966
Ugetsu,Kenji Mizoguchi,1953
Samurai Rebellion,Masaki Kobayashi,1967
Sword of the Beast,Hideo Gosha,1965
Samurai Spy,Masahiro Shinoda,1965
Kill!,Kihachi Okamoto,1968
Pickpocket,Robert Bresson,1959
Shoot the Piano Player,François Truffaut,1960
Ran,Akira Kurosawa,1985
The Tales of Hoffmann,Michael Powell and Emeric Pressburger,1951
Forbidden Games,René Clément,1952
The Bad Sleep Well,Akira Kurosawa,1960
Young Mr. Lincoln,John Ford,1939
The Virgin Spring,Ingmar Bergman,1960
The Complete Mr. Arkadin,Orson Welles,1955
The Children Are Watching Us,Vittorio De Sica,1944
La bête humaine,Jean Renoir,1938
Kind Hearts and Coronets,Robert Hamer,1949
Metropolitan,Whit Stillman,1990
3 Films by Louis Malle, , 
Murmur of the Heart,Louis Malle,1971
"Lacombe, Lucien",Louis Malle,1974
Au revoir les enfants,Louis Malle,1987
Late Spring,Yasujirō Ozu,1949
Viridiana,Luis Buñuel,1961
Fists in the Pocket,Marco Bellocchio,1965
Harlan County USA,Barbara Kopple,1976
Elevator to the Gallows,Louis Malle,1958
Dazed and Confused,Richard Linklater,1993
À nos amours,Maurice Pialat,1983
Equinox,Jack Woods,1970
Yi Yi,Edward Yang,2000
Koko: A Talking Gorilla,Barbet Schroeder,1978
A Canterbury Tale,Michael Powell…,1944
Six Moral Tales, , 
The Bakery Girl of Monceau,Eric Rohmer,1963
Suzanne’s Career,Eric Rohmer,1963
My Night at Maud’s,Eric Rohmer,1969
La collectionneuse,Eric Rohmer,1967
Claire’s Knee,Eric Rohmer,1970
Love in the Afternoon,Eric Rohmer,1972
Kicking and Screaming,Noah Baumbach,1995
Seduced and Abandoned,Pietro Germi,1964
The Spirit of the Beehive,Víctor Erice,1973
Jigoku,Nobuo Nakagawa,1960
Sólo con tu pareja,Alfonso Cuarón,1991
"Clean, Shaven",Lodge Kerrigan,1994
Hands over the City,Francesco Rosi,1963
Sweetie,Jane Campion,1989
The Fallen Idol,Carol Reed,1948
Pandora’s Box,G. W. Pabst,1929
The Double Life of Véronique,Krzysztof Kieślowski,1991
Symbiopsychotaxiplasm: Two Takes by William Greaves,William Greaves,
The Beales of Grey Gardens,Albert Maysles…,2006
Border Radio,"Allison Anders, Dean Lent, and Kurt Voss",1987
Mouchette,Robert Bresson,1967
Monsters and Madmen, , 
First Man into Space,Robert Day,1959
The Atomic Submarine,Spencer G. Bennet,1959
The Haunted Strangler,Robert Day,1958
Corridors of Blood,Robert Day,1959
Paul Robeson: Portraits of the Artist, , 
The Emperor Jones,Dudley Murphy,1933
Body and Soul,Oscar Micheaux,1925
Sanders of the River,Zoltán Korda,1935
The Proud Valley,Pen Tennyson,1940
Bicycle Thieves,Vittorio De Sica,1948
Green for Danger,Sidney Gilliat,1946
49th Parallel,Michael Powell,1941
When a Woman Ascends the Stairs,Mikio Naruse,1960
Fires on the Plain,Kon Ichikawa,1959
The Burmese Harp,Kon Ichikawa,1956
The Naked City,Jules Dassin,1948
La haine,Mathieu Kassovitz,1995
Overlord,Stuart Cooper,1975
Brute Force,Jules Dassin,1947
Vengeance Is Mine,Shohei Imamura,1979
Army of Shadows,Jean-Pierre Melville,1969
Sansho the Bailiff,Kenji Mizoguchi,1954
La Jetée/Sans Soleil, , 
The Two of Us,Claude Berri,1967
WR: Mysteries of the Organism,Dušan Makavejev,1971
Sweet Movie,Dušan Makavejev,1974
If....,Lindsay Anderson,1969
Three Films by Hiroshi Teshigahara, , 
Pitfall,Hiroshi Teshigahara,1962
Woman in the Dunes,Hiroshi Teshigahara,1964
The Face of Another,Hiroshi Teshigahara,1966
Ace in the Hole,Billy Wilder,1951
Ivan’s Childhood,Andrei Tarkovsky,1962
Les enfants terribles,Jean-Pierre Melville,1950
House of Games,David Mamet,1987
Stranger Than Paradise,Jim Jarmusch,1984
Night on Earth,Jim Jarmusch,1991
The Milky Way,Luis Buñuel,1969
Cría cuervos . . .,Carlos Saura,1976
Robinson Crusoe on Mars,Byron Haskin,1964
The Threepenny Opera,G. W. Pabst,1931
Martha Graham: Dance on Film,Nathan Kroll,1959
Mala Noche,Gus Van Sant,1985
Breathless,Jean-Luc Godard,1960
Days of Heaven,Terrence Malick,1978
Under the Volcano,John Huston,1984
Berlin Alexanderplatz,Rainer Werner Fassbinder,1980
Sawdust and Tinsel,Ingmar Bergman,1953
Drunken Angel,Akira Kurosawa,1948
Two-Lane Blacktop,Monte Hellman,1971
The Naked Prey,Cornel Wilde,1965
Miss Julie,Alf Sjöberg,1951
This Sporting Life,Lindsay Anderson,1963
4 by Agnès Varda, , 
La Pointe Courte,Agnès Varda,1955
Le bonheur,Agnès Varda,1965
Pierrot le fou,Jean-Luc Godard,1965
The Last Emperor,Bernardo Bertolucci,1987
Walker,Alex Cox,1987
Mafioso,Alberto Lattuada,1962
Antonio Gaudí,Hiroshi Teshigahara,1984
The Ice Storm,Ang Lee,1997
Death of a Cyclist,Juan Antonio Bardem,1955
Blast of Silence,Allen Baron,1961
The Lovers,Louis Malle,1958
The Fire Within,Louis Malle,1963
The Thief of Bagdad,Tim Whelan…,1940
Mishima: A Life in Four Chapters,Paul Schrader,1985
Patriotism,Yukio Mishima…,1966
Classe tous risques,Claude Sautet,1960
The Furies,Anthony Mann,1950
Before the Rain,Milcho Manchevski,1994
Vampyr,Carl Th. Dreyer,1932
Mon oncle Antoine,Claude Jutra,1971
Trafic,Jacques Tati,1971
Brand upon the Brain!,Guy Maddin,2006
The Small Back Room,Michael Powell…,1949
Twenty-Four Eyes,Keisuke Kinoshita,1954
La ronde,Max Ophuls,1950
Le plaisir,Max Ophuls,1952
The Earrings of Madame de . . .,Max Ophuls,1953
An Autumn Afternoon,Yasujirō Ozu,1962
Le doulos,Jean-Pierre Melville,1962
Le deuxième souffle,Jean-Pierre Melville,1966
Missing,Costa-Gavras,1982
Bottle Rocket,Wes Anderson,1996
Fanfan la Tulipe,Christian-Jaque,1952
The Spy Who Came in from the Cold,Martin Ritt,1965
Chungking Express,Wong Kar Wai,1994
Europa,Lars von Trier,1991
White Dog,Samuel Fuller,1982
The Taking of Power by Louis XIV,Roberto Rossellini,1966
Magnificent Obsession,Douglas Sirk,1954
El Norte,Gregory Nava,1983
The Exterminating Angel,Luis Buñuel,1962
Simon of the Desert,Luis Buñuel,1965
Hobson’s Choice,David Lean,1954
The Last Metro,François Truffaut,1980
Il Generale Della Rovere,Roberto Rossellini,1959
Danton,Andrzej Wajda,1983
Dodes’ka-den,Akira Kurosawa,1970
In the Realm of the Senses,Nagisa Oshima,1976
Empire of Passion,Nagisa Oshima,1978
Science Is Fiction: 23 Films by Jean Painlevé,Jean Painlevé,
The Hit,Stephen Frears,1984
Wise Blood,John Huston,1979
"Pigs, Pimps & Prostitutes: 3 Films by Shohei Imamura", , 
Pigs and Battleships,Shohei Imamura,1962
The Insect Woman,Shohei Imamura,1963
Intentions of Murder,Shohei Imamura,1964
The Friends of Eddie Coyle,Peter Yates,1973
The Curious Case of Benjamin Button,David Fincher,2008
Bergman Island,Marie Nyreröd,2006
Last Year at Marienbad,Alain Resnais,1961
My Dinner with André,Louis Malle,1981
The Human Condition,Masaki Kobayashi,1959
Made in U.S.A,Jean-Luc Godard,1966
2 or 3 Things I Know About Her,Jean-Luc Godard,1967
Repulsion,Roman Polanski,1965
"Jeanne Dielman, 23, quai du Commerce, 1080 Bruxelles",Chantal Akerman,1975
The Last Days of Disco,Whit Stillman,1998
Homicide,David Mamet,1991
That Hamilton Woman,Alexander Korda,1941
Howards End,James Ivory,1992
Monsoon Wedding,Mira Nair,2001
Wings of Desire,Wim Wenders,1987
Z,Costa-Gavras,1969
A Christmas Tale,Arnaud Desplechin,2008
Gomorrah,Matteo Garrone,2008
Downhill Racer,Michael Ritchie,1969
The Golden Age of Television,,
Che,Steven Soderbergh,2008
Rome Open City,Roberto Rossellini,1945
Paisan,Roberto Rossellini,1946
Germany Year Zero,Roberto Rossellini,1948
Roberto Rossellini’s War Trilogy, , 
"Paris, Texas",Wim Wenders,1984
Revanche,Götz Spielmann,2008
Lola Montès,Max Ophuls,1955
Hunger,Steve McQueen,2008
Make Way for Tomorrow,Leo McCarey,1937
Dillinger Is Dead,Marco Ferreri,1969
Bigger Than Life,Nicholas Ray,1956
Letters from Fontainhas: Three Films by Pedro Costa, , 
Ossos,Pedro Costa,1997
In Vanda’s Room,Pedro Costa,2000
Colossal Youth,Pedro Costa,2006
Vivre sa vie,Jean-Luc Godard,1962
Summer Hours,Olivier Assayas,2008
Ride with the Devil,Ang Lee,1999
The Fugitive Kind,Sidney Lumet,1960
Stagecoach,John Ford,1939
"By Brakhage: An Anthology, Volume Two",Stan Brakhage,
"By Brakhage: An Anthology, Volumes One and Two", , 
Close-up,Abbas Kiarostami,1990
Everlasting Moments,Jan Troell,2008
Mystery Train,Jim Jarmusch,1989
Red Desert,Michelangelo Antonioni,1964
Night Train to Munich,Carol Reed,1940
The Only Son/There Was a Father: Two Films by Yasujirō Ozu, , 
The Only Son,Yasujirō Ozu,1936
There Was a Father,Yasujirō Ozu,1942
The Secret of the Grain,Abdellatif Kechiche,2007
3 Silent Classics by Josef von Sternberg, , 
Underworld,Josef von Sternberg,1927
The Last Command,Josef von Sternberg,1928
The Docks of New York,Josef von Sternberg,1928
Louie Bluie,Terry Zwigoff,1985
Crumb,Terry Zwigoff,1995
L’enfance nue,Maurice Pialat,1968
Merry Christmas Mr. Lawrence,Nagisa Oshima,1983
The Thin Red Line,Terrence Malick,1998
The Magician,Ingmar Bergman,1958
Paths of Glory,Stanley Kubrick,1957
House,Nobuhiko Obayashi,1977
The Darjeeling Limited,Wes Anderson,2007
The Night of the Hunter,Charles Laughton,1955
Antichrist,Lars von Trier,2009
Modern Times,Charles Chaplin,1936
Head,Bob Rafelson,1968
Easy Rider,Dennis Hopper,1969
Five Easy Pieces,Bob Rafelson,1970
"Drive, He Said",Jack Nicholson,1970
A Safe Place,Henry Jaglom,1971
The Last Picture Show,Peter Bogdanovich,1971
The King of Marvin Gardens,Bob Rafelson,1972
Cronos,Guillermo del Toro,1993
Broadcast News,James L. Brooks,1987
Fish Tank,Andrea Arnold,2009
Still Walking,Hirokazu Kore-eda,2008
Sweet Smell of Success,Alexander Mackendrick,1957
Senso,Luchino Visconti,1954
The Times of Harvey Milk,Robert Epstein,1984
Topsy-Turvy,Mike Leigh,1999
The Mikado,Victor Schertzinger,1939
White Material,Claire Denis,2009
Kes,Ken Loach,1970
Blow Out,Brian De Palma,1981
Something Wild,Jonathan Demme,1986
Pale Flower,Masahiro Shinoda,1964
The Great Dictator,Charles Chaplin,1940
Insignificance,Nicolas Roeg,1985
The Makioka Sisters,Kon Ichikawa,1983
Kiss Me Deadly,Robert Aldrich,1955
People on Sunday,Robert Siodmak…,1930
Zazie dans le métro,Louis Malle,1960
Black Moon,Louis Malle,1975
"Léon Morin, Priest",Jean-Pierre Melville,1961
The Music Room,Satyajit Ray,1958
Life During Wartime,Todd Solondz,2010
The Killing,Stanley Kubrick,1956
Secret Sunshine,Lee Chang-dong,2007
Cul-de-sac,Roman Polanski,1966
The Complete Jean Vigo, , 
The Phantom Carriage,Victor Sjöström,1921
Le beau Serge,Claude Chabrol,1958
Les cousins,Claude Chabrol,1959
Carlos,Olivier Assayas,2010
The Four Feathers,Zoltán Korda,1939
Kuroneko,Kaneto Shindo,1968
Identification of a Woman,Michelangelo Antonioni,1982
Island of Lost Souls,Erle C. Kenton,1932
Three Colors, , 
Three Colors: Blue,Krzysztof Kieślowski,1993
Three Colors: White,Krzysztof Kieślowski,1994
Three Colors: Red,Krzysztof Kieślowski,1994
12 Angry Men,Sidney Lumet,1957
Design for Living,Ernst Lubitsch,1933
Belle de jour,Luis Buñuel,1967
Godzilla,Ishiro Honda,1954
The Moment of Truth,Francesco Rosi,1965
Three Outlaw Samurai,Hideo Gosha,1964
Tiny Furniture,Lena Dunham,2010
World on a Wire,Rainer Werner Fassbinder,1973
Vanya on 42nd Street,Louis Malle,1994
Anatomy of a Murder,Otto Preminger,1959
Letter Never Sent,Mikhail Kalatozov,1959
The War Room,Chris Hegedus…,1993
David Lean Directs Noël Coward, , 
In Which We Serve,David Lean…,1942
This Happy Breed,David Lean,1944
Blithe Spirit,David Lean,1945
A Hollis Frampton Odyssey,Hollis Frampton,
Harold and Maude,Hal Ashby,1971
¡Alambrista!,Robert M. Young,1977
The Organizer,Mario Monicelli,1963
Being John Malkovich,Spike Jonze,1999
Certified Copy,Abbas Kiarostami,2010
Summer Interlude,Ingmar Bergman,1951
Summer with Monika,Ingmar Bergman,1953
The Gold Rush,Charles Chaplin,1942
Shallow Grave,Danny Boyle,1994
And Everything Is Going Fine,Steven Soderbergh,2010
Gray’s Anatomy,Steven Soderbergh,1997
Le Havre,Aki Kaurismäki,2011
La promesse,Luc Dardenne…,1996
Rosetta,Luc Dardenne…,1999
Weekend,Andrew Haigh,2011
Lonesome,Paul Fejos,1928
Quadrophenia,Franc Roddam,1979
Eating Raoul,Paul Bartel,1982
Les visiteurs du soir,Marcel Carné,1942
The Game,David Fincher,1997
The Forgiveness of Blood,Joshua Marston,2011
Sunday Bloody Sunday,John Schlesinger,1971
Rosemary’s Baby,Roman Polanski,1968
Trilogy of Life, , 
The Decameron,Pier Paolo Pasolini,1971
The Canterbury Tales,Pier Paolo Pasolini,1972
Arabian Nights,Pier Paolo Pasolini,1974
Weekend,Jean-Luc Godard,1967
Heaven’s Gate,Michael Cimino,1980
Purple Noon,René Clément,1960
Following,Christopher Nolan,1999
The Qatsi Trilogy, , 
Koyaanisqatsi,Godfrey Reggio,1983
Powaqqatsi,Godfrey Reggio,1988
Naqoyqatsi,Godfrey Reggio,2002
The Man Who Knew Too Much,Alfred Hitchcock,1934
Pina,Wim Wenders,2011
The Ballad of Narayama,Keisuke Kinoshita,1958
The Kid with a Bike,Jean-Pierre Dardenne…,2011
On the Waterfront,Elia Kazan,1954
Chronicle of a Summer,Jean Rouch…,1961
Ministry of Fear,Fritz Lang,1944
A Man Escaped,Robert Bresson,1956
Badlands,Terrence Malick,1973
Monsieur Verdoux,Charles Chaplin,1947
Gate of Hell,Teinosuke Kinugasa,1953
Repo Man,Alex Cox,1984
Pierre Etaix, , 
Jubal,Delmer Daves,1956
3:10 to Yuma,Delmer Daves,1957
Medium Cool,Haskell Wexler,1969
Life Is Sweet,Mike Leigh,1990
Things to Come,William Cameron Menzies,1936
Marketa Lazarová,František Vláčil,1967
Safety Last!,Fred Newmeyer…,1923
Shoah,Claude Lanzmann,1985
The Life of Oharu,Kenji Mizoguchi,1952
Babette’s Feast,Gabriel Axel,1987
The Devil’s Backbone,Guillermo del Toro,2001
Seconds,John Frankenheimer,1966
The Big City,Satyajit Ray,1963
Charulata,Satyajit Ray,1964
To Be or Not to Be,Ernst Lubitsch,1942
La Cage aux Folles,Edouard Molinaro,1978
3 Films by Roberto Rossellini Starring Ingrid Bergman, , 
Stromboli,Roberto Rossellini,1950
Europe ’51,Roberto Rossellini,1952
Journey to Italy,Roberto Rossellini,1954
I Married a Witch,René Clair,1942
The Uninvited,Lewis Allen,1944
La notte,Michelangelo Antonioni,1961
Zatoichi: The Blind Swordsman, , 
City Lights,Charles Chaplin,1931
Frances Ha,Noah Baumbach,2013
Investigation of a Citizen Above Suspicion,Elio Petri,1970
Nashville,Robert Altman,1975
Martin Scorsese’s World Cinema Project, , 
Touki bouki,Djibril Diop Mambéty,1973
Redes,Emilio Gómez Muriel…,1936
A River Called Titas,Ritwik Ghatak,1973
Dry Summer,Metin Erksan,1964
Trances,Ahmed El Maanouni,1981
The Housemaid,Kim Ki-young,1960
Thief,Michael Mann,1981
"It’s a Mad, Mad, Mad, Mad World",Stanley Kramer,1963
La vie de bohème,Aki Kaurismäki,1992
The Long Day Closes,Terence Davies,1992
Blue Is the Warmest Color,Abdellatif Kechiche,2013
Foreign Correspondent,Alfred Hitchcock,1940
Tess,Roman Polanski,1979
King of the Hill,Steven Soderbergh,1993
A Brief History of Time,Errol Morris,1991
Fantastic Mr. Fox,Wes Anderson,2009
Persona,Ingmar Bergman,1966
The Great Beauty,Paolo Sorrentino,2013
The Freshman,Sam Taylor…,1925
Riot in Cell Block 11,Don Siegel,1954
Breaking the Waves,Lars von Trier,1996
Master of the House,Carl Th. Dreyer,1925
Il sorpasso,Dino Risi,1962
Like Someone in Love,Abbas Kiarostami,2012
Red River,Howard Hawks,1948
Judex,Georges Franju,1963
A Hard Day’s Night,Richard Lester,1964
Scanners,David Cronenberg,1981
The Essential Jacques Demy, , 
Lola,Jacques Demy,1961
Bay of Angels,Jacques Demy,1963
The Umbrellas of Cherbourg,Jacques Demy,1964
The Young Girls of Rochefort,Jacques Demy,1967
Donkey Skin,Jacques Demy,1970
Une chambre en ville,Jacques Demy,1982
The Big Chill,Lawrence Kasdan,1983
Love Streams,John Cassavetes,1984
Tie Me Up! Tie Me Down!,Pedro Almodóvar,1990
Y tu mamá también,Alfonso Cuarón,2001
All That Jazz,Bob Fosse,1979
Eraserhead,David Lynch,1977
Macbeth,Roman Polanski,1971
The Innocents,Jack Clayton,1961
Sundays and Cybèle,Serge Bourguignon,1962
The Complete Jacques Tati, , 
Jour de fête,Jacques Tati,1949
Parade,Jacques Tati,1974
My Darling Clementine,John Ford,1946
La dolce vita,Federico Fellini,1960
The Shooting,Monte Hellman,1966
Ride in the Whirlwind,Monte Hellman,1966
It Happened One Night,Frank Capra,1934
Les Blank: Always for Pleasure,Les Blank,1968
Tootsie,Sydney Pollack,1982
Safe,Todd Haynes,1995
The Bitter Tears of Petra von Kant,Rainer Werner Fassbinder,1972
My Winnipeg,Guy Maddin,2007
The Palm Beach Story,Preston Sturges,1942
La Ciénaga,Lucrecia Martel,2001
Every Man for Himself,Jean-Luc Godard,1980
Don’t Look Now,Nicolas Roeg,1973
A Day in the Country,Jean Renoir,1936
Fellini Satyricon,Federico Fellini,1969
Watership Down,Martin Rosen,1978
The Soft Skin,François Truffaut,1964
Ride the Pink Horse,Robert Montgomery,1947
Gates of Heaven,Errol Morris,1978
"Vernon, Florida",Errol Morris,1981
The Thin Blue Line,Errol Morris,1988
Odd Man Out,Carol Reed,1947
Le silence de la mer,Jean-Pierre Melville,1949
Limelight,Charles Chaplin,1952
The Rose,Mark Rydell,1979
The Merchant of Four Seasons,Rainer Werner Fassbinder,1971
The Confession,Costa-Gavras,1970
State of Siege,Costa-Gavras,1972
Valerie and Her Week of Wonders,Jaromil Jireš,1970
A Master Builder,Jonathan Demme,2014
The Bridge,Bernhard Wicki,1959
The Fisher King,Terry Gilliam,1991
The Black Stallion,Carroll Ballard,1979
Here Is Your Life,Jan Troell,1966
My Beautiful Laundrette,Stephen Frears,1985
The French Lieutenant’s Woman,Karel Reisz,1981
Day for Night,François Truffaut,1973
Dressed to Kill,Brian De Palma,1980
"Two Days, One Night",Jean-Pierre Dardenne…,2014
Blind Chance,Krzysztof Kieślowski,1981
Breaker Morant,Bruce Beresford,1980
Mister Johnson,Bruce Beresford,1990
A Room with a View,James Ivory,1986
Moonrise Kingdom,Wes Anderson,2012
The Brood,David Cronenberg,1979
A Special Day,Ettore Scola,1977
Mulholland Dr.,David Lynch,2001
Code Unknown,Michael Haneke,2000
In Cold Blood,Richard Brooks,1967
The Apu Trilogy, , 
Pather Panchali,Satyajit Ray,1955
Aparajito,Satyajit Ray,1956
Apur Sansar,Satyajit Ray,1959
Dont Look Back,D. A. Pennebaker,1967
Jellyfish Eyes,Takashi Murakami,2013
Speedy,Ted Wilde,1928
Burroughs: The Movie,Howard Brookner,1983
Lady Snowblood,Toshiya Fujita,1973
Lady Snowblood: Love Song of Vengeance,Toshiya Fujita,1974
Bitter Rice,Giuseppe De Santis,1949
The American Friend,Wim Wenders,1977
Inside Llewyn Davis,Joel Coen…,2013
Gilda,Charles Vidor,1946
The Emigrants,Jan Troell,1971
The New Land,Jan Troell,1972
Death by Hanging,Nagisa Oshima,1968
The Kid,Charlie Chaplin,1921
The Graduate,Mike Nichols,1967
I Knew Her Well,Antonio Pietrangeli,1965
Paris Belongs to Us,Jacques Rivette,1961
The Manchurian Candidate,John Frankenheimer,1962
A Brighter Summer Day,Edward Yang,1991
A Poem Is a Naked Person,Les Blank,1974
Only Angels Have Wings,Howard Hawks,1939
Barcelona,Whit Stillman,1994
The Kennedy Films of Robert Drew & Associates,Robert Drew,
Phoenix,Christian Petzold,2014
In a Lonely Place,Nicholas Ray,1950
The Naked Island,Kaneto Shindo,1960
The Player,Robert Altman,1992
Wim Wenders: The Road Trilogy, , 
Alice in the Cities,Wim Wenders,1974
Wrong Move,Wim Wenders,1975
Kings of the Road,Wim Wenders,1976
Le amiche,Michelangelo Antonioni,1955
La chienne,Jean Renoir,1931
Here Comes Mr. Jordan,Alexander Hall,1941
Fantastic Planet,René Laloux,1973
"Dr. Strangelove, or: How I Learned to Stop Worrying and Love the Bomb",Stanley Kubrick,1964
Clouds of Sils Maria,Olivier Assayas,2014
The In-Laws,Arthur Hiller,1979
"Muriel, or The Time of Return",Alain Resnais,1963
A Touch of Zen,King Hu,1971
The New World,Terrence Malick,2005
McCabe & Mrs. Miller,Robert Altman,1971
Ingrid Bergman: In Her Own Words,Stig Björkman,2015
A Taste of Honey,Tony Richardson,1961
Chimes at Midnight,Orson Welles,1966
The Immortal Story,Orson Welles,1968
The Story of the Last Chrysanthemum,Kenji Mizoguchi,1939
Cat People,Jacques Tourneur,1942
Blood Simple,Joel Coen,1984
Valley of the Dolls,Mark Robson,1967
Beyond the Valley of the Dolls,Russ Meyer,1970
Dekalog,Krzysztof Kieślowski,1988
Pan’s Labyrinth,Guillermo del Toro,2006
Boyhood,Richard Linklater,2014
The Executioner,Luis García Berlanga,1963
Lone Wolf and Cub, , 
Akira Kurosawa’s Dreams,Akira Kurosawa,1990
Punch-Drunk Love,Paul Thomas Anderson,2002
One-Eyed Jacks,Marlon Brando,1961
The Squid and the Whale,Noah Baumbach,2005
Heart of a Dog,Laurie Anderson,2015
The Asphalt Jungle,John Huston,1950
Roma,Federico Fellini,1972
His Girl Friday,Howard Hawks,1940
Something Wild,Jack Garfein,1961
Fox and His Friends,Rainer Werner Fassbinder,1975
Black Girl,Ousmane Sembène,1966
Cameraperson,Kirsten Johnson,2016
The Tree of Wooden Clogs,Ermanno Olmi,1978
Women on the Verge of a Nervous Breakdown,Pedro Almodóvar,1988
The Before Trilogy, , 
Before Sunrise,Richard Linklater,1995
Before Sunset,Richard Linklater,2004
Before Midnight,Richard Linklater,2013
Mildred Pierce,Michael Curtiz,1945
45 Years,Andrew Haigh,2015
Canoa: A Shameful Memory,Felipe Cazals,1976
Multiple Maniacs,John Waters,1970
Being There,Hal Ashby,1979
Blow-Up,Michelangelo Antonioni,1966
Buena Vista Social Club,Wim Wenders,1999
Woman of the Year,George Stevens,1942
Tampopo,Juzo Itami,1985
Rumble Fish,Francis Ford Coppola,1983
Othello,Orson Welles,1952
Dheepan,Jacques Audiard,2015
Ghost World,Terry Zwigoff,2001
Martin Scorsese’s World Cinema Project No. 2, , 
Insiang,Lino Brocka,1976
Mysterious Object at Noon,Apichatpong Weerasethakul,2000
Revenge,Ermek Shinarbaev,1989
Limite,Mário Peixoto,1931
Law of the Border,Lütfi Ö. Akad,1966
Taipei Story,Edward Yang,1985
They Live by Night,Nicholas Ray,1948
The Marseille Trilogy, , 
Marius,Alexander Korda,1931
Fanny,Marc Allégret,1932
César,Marcel Pagnol,1936
The Lodger: A Story of the London Fog,Alfred Hitchcock,1927
L’argent,Robert Bresson,1983
Lost in America,Albert Brooks,1985
Stalker,Andrei Tarkovsky,1979
The Breaking Point,Michael Curtiz,1950
Meantime,Mike Leigh,1984
La poison,Sacha Guitry,1951
Festival,Murray Lerner,1967
Certain Women,Kelly Reichardt,2016
The Piano Teacher,Michael Haneke,2001
David Lynch: The Art Life,Olivia Neergaard-Holm…,2016
The Lure,Agnieszka Smoczyńska,2015
Barry Lyndon,Stanley Kubrick,1975
Twin Peaks: Fire Walk with Me,David Lynch,1992
Personal Shopper,Olivier Assayas,2016
100 Years of Olympic Films: 1912–2012,,
The Philadelphia Story,George Cukor,1940
Desert Hearts,Donna Deitch,1985
Jabberwocky,Terry Gilliam,1977
Election,Alexander Payne,1999
The Breakfast Club,John Hughes,1985
"I, Daniel Blake",Ken Loach,2016
Westfront 1918,G. W. Pabst,1930
Kameradschaft,G. W. Pabst,1931
Night of the Living Dead,George A. Romero,1968
Tom Jones,Tony Richardson,1963
The Hero,Satyajit Ray,1966
An Actor’s Revenge,Kon Ichikawa,1963
The Age of Innocence,Martin Scorsese,1993
Baal,Volker Schlöndorff,1970
King of Jazz,John Murray Anderson,1930
Women in Love,Ken Russell,1969
The Awful Truth,Leo McCarey,1937
The Color of Pomegranates,Sergei Parajanov,1969
Dead Man,Jim Jarmusch,1995
The Virgin Suicides,Sofia Coppola,1999
Moonrise,Frank Borzage,1948
The Other Side of Hope,Aki Kaurismäki,2017
Beyond the Hills,Cristian Mungiu,2012
Graduation,Cristian Mungiu,2016
Midnight Cowboy,John Schlesinger,1969
Manila in the Claws of Light,Lino Brocka,1975
El Sur,Víctor Erice,1983
Bowling for Columbine,Michael Moore,2002
Female Trouble,John Waters,1974
Dietrich & von Sternberg in Hollywood, , 
Morocco,Josef von Sternberg,1930
Dishonored,Josef von Sternberg,1931
Shanghai Express,Josef von Sternberg,1932
Blonde Venus,Josef von Sternberg,1932
The Devil Is a Woman,Josef von Sternberg,1935
Bull Durham,Ron Shelton,1988
Dragon Inn,King Hu,1967
"sex, lies, and videotape",Steven Soderbergh,1989
A Matter of Life and Death,Michael Powell and Emeric Pressburger,1946
The Ballad of Gregorio Cortez,Robert M. Young,1982
Smithereens,​Susan Seidelman,1982
The Tree of Life,Terrence Malick,2011
Memories of Underdevelopment,Tomás Gutiérrez Alea,1968
Cold Water,Olivier Assayas,1994
A Raisin in the Sun,Daniel Petrie,1961
Eight Hours Don’t Make a Day,Rainer Werner Fassbinder,1972
Shampoo,Hal Ashby,1975
The Princess Bride,Rob Reiner,1987
A Story from Chikamatsu,Kenji Mizoguchi,1954
Some Like It Hot,Billy Wilder,1959
True Stories,David Byrne,1986
The Magnificent Ambersons,Orson Welles,1942
A Dry White Season,Euzhan Palcy,1989
Forty Guns,Samuel Fuller,1957
Panique,Julien Duvivier,1946
24 Frames,Abbas Kiarostami,2017
Mikey and Nicky,Elaine May,1976
"4 Months, 3 Weeks and 2 Days",Cristian Mungiu,2007
In the Heat of the Night,Norman Jewison,1967
La vérité,Henri-Georges Clouzot,1960
Shame,Ingmar Bergman,1968
Death in Venice,Luchino Visconti,1971
To Sleep with Anger,Charles Burnett,1990
The Kid Brother,Ted Wilde,1927
Wanda,Barbara Loden,1970
Detour,Edgar G. Ulmer,1945
I Wanna Hold Your Hand,Robert Zemeckis,1978
Japón,Carlos Reygadas,2002
Diamonds of the Night,Jan Němec,1964
A Face in the Crowd,Elia Kazan,1957
Police Story,Jackie Chan,1985
Police Story 2,Jackie Chan,1988
My Brilliant Career,Gillian Armstrong,1979
The Heiress,William Wyler,1949
Funny Games,Michael Haneke,1997
Let the Sunshine In,Claire Denis,2017
Blue Velvet,David Lynch,1986
"One Sings, the Other Doesn’t",Agnès Varda,1977
Swing Time,George Stevens,1936
La vie de Jésus,Bruno Dumont,1997
L’humanité,Bruno Dumont,1999
Hedwig and the Angry Inch,John Cameron Mitchell,2001
War and Peace,Sergei Bondarchuk,1966
1984,Michael Radford,1984
Europa Europa,Agnieszka Holland,1990
The Baker’s Wife,Marcel Pagnol,1938
Klute,Alan J. Pakula,1971
The Inland Sea,Lucille Carra,1991
The Flavor of Green Tea over Rice,Yasujirō Ozu,1952
Where Is the Friend’s House?,Abbas Kiarostami,1987
And Life Goes On,Abbas Kiarostami,1992
Through the Olive Trees,Abbas Kiarostami,1994
The Cloud-Capped Star,Ritwik Ghatak,1960
Local Hero,Bill Forsyth,1983
Polyester,John Waters,1981
The Circus,Charles Chaplin,1928
Cluny Brown,Ernst Lubitsch,1946
When We Were Kings,Leon Gast,1996
Matewan,John Sayles,1987
"Godzilla: The Showa-Era Films, 1954–1975", , 
The Daytrippers,Greg Mottola,1996
Betty Blue,Jean-Jacques Beineix,1986
All About Eve,Joseph L. Mankiewicz,1950
"Now, Voyager",Irving Rapper,1942
Cold War,Paweł Pawlikowski,2018
The Story of Temple Drake,Stephen Roberts,1933
Until the End of the World,Wim Wenders,1991
Old Joy,Kelly Reichardt,2006
Holiday,George Cukor,1938
Le petit soldat,Jean-Luc Godard,1963
Fail Safe,Sidney Lumet,1964
All About My Mother,Pedro Almodóvar,1999
Teorema,Pier Paolo Pasolini,1968
Roma,Alfonso Cuarón,2018
Journey to the Beginning of Time,Karel Zeman,1955
Invention for Destruction,Karel Zeman,1958
The Fabulous Baron Munchausen,Karel Zeman,1962
Paris Is Burning,Jennie Livingston,1990
Bamboozled,Spike Lee,2000
Leave Her to Heaven,John M. Stahl,1945
Show Boat,James Whale,1936
The Prince of Tides,Barbra Streisand,1991
The Cremator,Juraj Herz,1969
Destry Rides Again,George Marshall,1939
The Grand Budapest Hotel,Wes Anderson,2014
Me and You and Everyone We Know,Miranda July,2005
The Great Escape,John Sturges,1963
"Dance, Girl, Dance",Dorothy Arzner,1940
Husbands,John Cassavetes,1970
Scorsese Shorts,Martin Scorsese,
Wildlife,Paul Dano,2018
An Unmarried Woman,Paul Mazursky,1978
The Cameraman,Edward Sedgwick,1928
Portrait of a Lady on Fire,Céline Sciamma,2019
Come and See,Elem Klimov,1985
Bruce Lee: His Greatest Hits, , 
The War of the Worlds,Byron Haskin,1953
Marriage Story,Noah Baumbach,2019
Town Bloody Hall,Chris Hegedus and D. A. Pennebaker,1979
Toni,Jean Renoir,1935
The Comfort of Strangers,Paul Schrader,1990
Beau travail,Claire Denis,1999
Christ Stopped at Eboli,Francesco Rosi,1979
Martin Scorsese’s World Cinema Project No. 3, , 
Lucía,Humberto Solás,1968
After the Curfew,Usmar Ismail,1954
Pixote,Héctor Babenco,1980
Dos monjes,Juan Bustillo Oro,1934
Soleil Ô,Med Hondo,1970
Downpour,Bahram Beyzaie,1972
The Elephant Man,David Lynch,1980
Claudine,John Berry,1974
The Gunfighter,Henry King,1950
Parasite,Bong Joon Ho,2019
Girlfriends,Claudia Weill,1978
Moonstruck,Norman Jewison,1987
Ghost Dog: The Way of the Samurai,Jim Jarmusch,1999
The Irishman,Martin Scorsese,2019
Crash,David Cronenberg,1996
Amores perros,Alejandro G. Iñárritu,2000
Minding the Gap,Bing Liu,2018
Rolling Thunder Revue: A Bob Dylan Story by Martin Scorsese,Martin Scorsese,2019
The Ascent,Larisa Shepitko,1977
The Parallax View,Alan J. Pakula,1974
Mandabi,Ousmane Sembène,1968
Man Push Cart,Ramin Bahrani,2005
Chop Shop,Ramin Bahrani,2007
Smooth Talk,Joyce Chopra,1985
Céline and Julie Go Boating,Jacques Rivette,1974
Secrets & Lies,Mike Leigh,1996
Defending Your Life,Albert Brooks,1991
History Is Made at Night,Frank Borzage,1937
Memories of Murder,Bong Joon Ho,2003
Irma Vep,Olivier Assayas,1996
Fast Times at Ridgemont High,Amy Heckerling,1982
Merrily We Go to Hell,Dorothy Arzner,1932
Flowers of Shanghai,Hou Hsiao-hsien,1998
Nightmare Alley,Edmund Goulding,1947
Streetwise,Martin Bell,1984
Tiny: The Life of Erin Blackwell,Martin Bell,2016
Visions of Eight,"Miloš Forman, Kon Ichikawa, Claude Lelouch, Juri Ozerov, Arthur Penn, Michael Pfleghar, John Schlesinger, and Mai Zetterling",1973
The Signifyin’ Works of Marlon Riggs, , 
Pariah,Dee Rees,2011
Mirror,Andrei Tarkovsky,1975
Bringing Up Baby,Howard Hawks,1938
Deep Cover,Bill Duke,1992
Working Girls,Lizzie Borden,1986
La piscine,Jacques Deray,1969
After Life,Hirokazu Kore-eda,1998
Original Cast Album: “Company”,D. A. Pennebaker,1970
Beasts of No Nation,Cary Joji Fukunaga,2015
Throw Down,Johnnie To,2004
The Story of a Three Day Pass,Melvin Van Peebles,1967
Watermelon Man,Melvin Van Peebles,1970
Sweet Sweetback’s Baadasssss Song,Melvin Van Peebles,1971
Don’t Play Us Cheap,Melvin Van Peebles,1972
Love & Basketball,Gina Prince-Bythewood,2000
The Damned,Luchino Visconti,1969
High Sierra,Raoul Walsh,1941
The Incredible Shrinking Man,Jack Arnold,1957
Uncut Gems,Josh Safdie and Benny Safdie,2019
Devi,Satyajit Ray,1960
Once Upon a Time in China: The Complete Films, , 
Citizen Kane,Orson Welles,1941
Menace II Society,Albert Hughes and Allen Hughes,1993
One Night in Miami . . .,Regina King,2020
The Learning Tree,Gordon Parks,1969
The Celebration,Thomas Vinterberg,1998
Time,Garrett Bradley,2020
The Piano,Jane Campion,1993
Dick Johnson Is Dead,Kirsten Johnson,2020
Miller’s Crossing,Joel Coen,1990
Boat People,Ann Hui,1982
Love Affair,Leo McCarey,1939
Adoption,Márta Mészáros,1975
The Flight of the Phoenix,Robert Aldrich,1965
love jones,Theodore Witcher,1997
The Last Waltz,Martin Scorsese,1978
Miracle in Milan,Vittorio De Sica,1951
The Girl Can’t Help It,Frank Tashlin,1956
Eyimofe (This Is My Desire),Arie Esiri and Chuko Esiri,2020
’Round Midnight,Bertrand Tavernier,1986
Mr. Klein,Joseph Losey,1976
Chan Is Missing,Wayne Wang,1982
The Funeral,Juzo Itami,1984
Double Indemnity,Billy Wilder,1944
Mississippi Masala,Mira Nair,1991
Farewell Amor,Ekwa Msangi,2020
Rouge,Stanley Kwan,1987
Shaft,Gordon Parks,1971
Pink Flamingos,John Waters,1972
The Worst Person in the World,Joachim Trier,2021
Okja,Bong Joon Ho,2017
Raging Bull,Martin Scorsese,1980
Devil in a Blue Dress,Carl Franklin,1995
Drive My Car,Ryusuke Hamaguchi,2021
The Samurai Trilogy, , 
Yojimbo/Sanjuro Box Set, , 
Grey Gardens The Beales of Grey Gardens Box Set, , 
The Killers,Robert Siodmak,1946
The Killers,Don Siegel,1964
A Story of Floating Weeds,Yasujirō Ozu,1934
Floating Weeds,Yasujirō Ozu,1959
The Lower Depths,Jean Renoir,1936
Rebel Samurai: Sixties Swordplay Classics, , 
The Lower Depths,Akira Kurosawa,1957
Borderline,Kenneth Macpherson,1930
Paul Robeson: Tribute to an Artist,Saul J. Turell,1979
Jericho,Thornton Freeland,1937
Native Land,Leo Hurwitz…,1942
La Jetée,Chris Marker,1963
Sans Soleil,Chris Marker,1983
America Lost and Found: The BBS Story, , 
The Suitor,Pierre Etaix,1963
Yoyo,Pierre Etaix,1965
As Long as You’ve Got Your Health,Pierre Etaix,1966
Le grand amour,Pierre Etaix,1969
Land of Milk and Honey,Pierre Etaix,1971
À propos de Nice,Jean Vigo…,1930
Zéro de conduite,Jean Vigo,1933
L’Atalante,Jean Vigo,1934
The Tale of Zatoichi,Kenji Misumi,1962
The Tale of Zatoichi Continues,Kazuo Mori,1962
New Tale of Zatoichi,Tokuzo Tanaka,1963
Zatoichi the Fugitive,Tokuzo Tanaka,1963
Zatoichi on the Road,Kimiyoshi Yasuda,1963
Zatoichi and the Chest of Gold,Kazuo Ikehiro,1964
Zatoichi’s Flashing Sword,Kazuo Ikehiro,1964
"Fight, Zatoichi, Fight",Kenji Misumi,1964
Adventures of Zatoichi,Kimiyoshi Yasuda,1964
Zatoichi’s Revenge,Akira Inoue,1965
Zatoichi and the Doomed Man,Kazuo Mori,1965
Zatoichi and the Chess Expert,Kenji Misumi,1965
Zatoichi’s Vengeance,Tokuzo Tanaka,1966
Zatoichi’s Pilgrimage,Kazuo Ikehiro,1966
Zatoichi’s Cane Sword,Kimiyoshi Yasuda,1967
Zatoichi the Outlaw,Satsuo Yamamoto,1967
Zatoichi Challenged,Kenji Misumi,1967
Zatoichi and the Fugitives,Kimiyoshi Yasuda,1968
Samaritan Zatoichi,Kenji Misumi,1968
Zatoichi Meets Yojimbo,Kihachi Okamoto,1970
Zatoichi Goes to the Fire Festival,Kenji Misumi,1970
Zatoichi Meets the One-Armed Swordsman,Kimiyoshi Yasuda,1971
Zatoichi at Large,Kazuo Mori,1972
Zatoichi in Desperation,Shintaro Katsu,1972
Zatoichi’s Conspiracy,Kimiyoshi Yasuda,1973
The Shooting/Ride in the Whirlwind, , 
"Gates of Heaven/Vernon, Florida", , 
André Gregory & Wallace Shawn: 3 Films, , 
The Complete Lady Snowblood, , 
The Emigrants/The New Land, , 
"A Whit Stillman Trilogy: Metropolitan, Barcelona, The Last Days of Disco", , 
Trilogía de Guillermo del Toro, , 
Lone Wolf and Cub: Sword of Vengeance,Kenji Misumi,1972
Lone Wolf and Cub: Baby Cart at the River Styx,Kenji Misumi,1972
Lone Wolf and Cub: Baby Cart to Hades,Kenji Misumi,1972
Lone Wolf and Cub: Baby Cart in Peril,Buichi Saito,1972
Lone Wolf and Cub: Baby Cart in the Land of Demons,Kenji Misumi,1973
Lone Wolf and Cub: White Heaven in Hell,Yoshiyuki Kuroda,1974
Ingmar Bergman’s Cinema, , 
The Devil’s Eye,Ingmar Bergman,1960
The Rite,Ingmar Bergman,1969
The Passion of Anna,Ingmar Bergman,1969
Saraband,Ingmar Bergman,2003
Dreams,Ingmar Bergman,1955
A Ship to India,Ingmar Bergman,1947
All These Women,Ingmar Bergman,1964
Brink of Life,Ingmar Bergman,1958
The Touch,Ingmar Bergman,1971
Fårö Document 1979,Ingmar Bergman,1979
Fårö Document,Ingmar Bergman,1970
Waiting Women,Ingmar Bergman,1952
After the Rehearsal,Ingmar Bergman,1984
The Serpent’s Egg,Ingmar Bergman,1977
A Lesson in Love,Ingmar Bergman,1954
From the Life of the Marionettes,Ingmar Bergman,1980
Hour of the Wolf,Ingmar Bergman,1968
Police Story/Police Story 2, , 
The Koker Trilogy, , 
Son of Godzilla,Jun Fukuda,1967
King Kong vs. Godzilla,,1963
"Ebirah, Horror of the Deep",Jun Fukuda,1966
All Monsters Attack,Ishiro Honda,1969
Invasion of Astro-Monster,Ishiro Honda,1965
"Ghidorah, the Three-Headed Monster",Ishiro Honda,1964
Destroy All Monsters,Ishiro Honda,1968
Godzilla vs. Hedorah,Yoshimitsu Banno,1971
Terror of Mechagodzilla,Ishiro Honda,1975
Godzilla vs. Mechagodzilla,Jun Fukuda,1974
Mothra vs. Godzilla,Ishiro Honda,1964
Godzilla Raids Again,Motoyoshi Oda,1955
Godzilla vs. Megalon,Jun Fukuda,1973
Godzilla vs. Gigan,Jun Fukuda,1972
Three Fantastic Journeys by Karel Zeman, , 
The Big Boss,Lo Wei,1971
Fist of Fury,Lo Wei,1972
The Way of the Dragon,Bruce Lee,1972
Enter the Dragon,Robert Clouse,1973
Game of Death,Robert Clouse,1978
The Complete Films of Agnès Varda, , 
Varda by Agnès,Agnès Varda,2019
Daguerréotypes,Agnès Varda,1975
Les créatures,Agnès Varda,1966
Jane B. par Agnès V.,Agnès Varda,1988
Kung-Fu Master!,Agnès Varda,1988
Jacquot de Nantes,Agnès Varda,1991
One Hundred and One Nights,Agnès Varda,1995
The Gleaners and I,Agnès Varda,2000
The Gleaners and I: Two Years Later,Agnès Varda,2002
Faces Places,Agnès Varda and JR,2017
Agnès de ci de là Varda,Agnès Varda,2011
The Beaches of Agnès,Agnès Varda,2008
Essential Fellini, , 
Il bidone,Federico Fellini,1955
Intervista,Federico Fellini,1987
Three Films by Luis Buñuel, , 
World of Wong Kar Wai, , 
As Tears Go By,Wong Kar Wai,1988
Days of Being Wild,Wong Kar Wai,1990
Fallen Angels,Wong Kar Wai,1995
Happy Together,Wong Kar Wai,1997
2046,Wong Kar Wai,2004
Melvin Van Peebles: Essential Films, , 
Once Upon a Time in China,Tsui Hark,1991
Once Upon a Time in China II,Tsui Hark,1992
Once Upon a Time in China III,Tsui Hark,1993
Once Upon a Time in China IV,Yuen Bun,1993
Once Upon a Time in China V,Tsui Hark,1994
The Red Balloon,Albert Lamorisse,1956
White Mane,Albert Lamorisse,1952
Paddle to the Sea,William Mason,1966
AK 100: 25 Films by Akira Kurosawa, , 
Madadayo,Akira Kurosawa,1993
Essential Art House: 50 Years of Janus Films, , 
Three Documentaries,Saul J. Turell,1962
Le jour se lève,Marcel Carné,1939
Great Adaptations, , 
Olivier’s Shakespeare, , 
Eclipse Series 1: Early Bergman, , 
Torment,Alf Sjöberg,1944
Crisis,Ingmar Bergman,1946
Port of Call,Ingmar Bergman,1948
Thirst,Ingmar Bergman,1949
To Joy,Ingmar Bergman,1950
Eclipse Series 2: The Documentaries of Louis Malle, , 
Vive le Tour,Louis Malle,1962
"Humain, trop humain",Louis Malle,1973
Place de la République,Louis Malle,1974
Phantom India,Louis Malle,1969
Calcutta,Louis Malle,1969
God’s Country,Louis Malle,1985
. . . And the Pursuit of Happiness,Louis Malle,1986
Eclipse Series 3: Late Ozu, , 
Early Spring,Yasujirō Ozu,1956
Tokyo Twilight,Yasujirō Ozu,1957
Equinox Flower,Yasujirō Ozu,1958
Late Autumn,Yasujirō Ozu,1960
The End of Summer,Yasujirō Ozu,1961
Eclipse Series 4: Raymond Bernard, , 
Wooden Crosses,Raymond Bernard,1932
Les misérables,Raymond Bernard,1934
Eclipse Series 5: The First Films of Samuel Fuller, , 
I Shot Jesse James,Samuel Fuller,1949
The Baron of Arizona,Samuel Fuller,1950
The Steel Helmet,Samuel Fuller,1951
Eclipse Series 6: Carlos Saura’s Flamenco Trilogy, , 
Blood Wedding,Carlos Saura,1981
Carmen,Carlos Saura,1983
El amor brujo,Carlos Saura,1986
Eclipse Series 7: Postwar Kurosawa, , 
No Regrets for Our Youth,Akira Kurosawa,1946
One Wonderful Sunday,Akira Kurosawa,1947
Scandal,Akira Kurosawa,1950
The Idiot,Akira Kurosawa,1951
I Live in Fear,Akira Kurosawa,1955
Eclipse Series 8: Lubitsch Musicals, , 
The Love Parade,Ernst Lubitsch,1929
Monte Carlo,Ernst Lubitsch,1930
The Smiling Lieutenant,Ernst Lubitsch,1931
One Hour with You,Ernst Lubitsch,1932
Eclipse Series 9: The Delirious Fictions of William Klein, , 
"Who Are You, Polly Maggoo?",William Klein,1966
Mr. Freedom,William Klein,1969
The Model Couple,William Klein,1977
Eclipse Series 10: Silent Ozu—Three Family Comedies, , 
Tokyo Chorus,Yasujirō Ozu,1931
"I Was Born, But . . .",Yasujirō Ozu,1932
Passing Fancy,Yasujirō Ozu,1933
Eclipse Series 11: Larisa Shepitko, , 
Wings,Larisa Shepitko,1966
Eclipse Series 12: Aki Kaurismäki’s Proletariat Trilogy, , 
Shadows in Paradise,Aki Kaurismäki,1986
Ariel,Aki Kaurismäki,1988
The Match Factory Girl,Aki Kaurismäki,1990
Eclipse Series 13: Kenji Mizoguchi’s Fallen Women, , 
Osaka Elegy,Kenji Mizoguchi,1936
Sisters of the Gion,Kenji Mizoguchi,1936
Women of the Night,Kenji Mizoguchi,1948
Street of Shame,Kenji Mizoguchi,1956
Eclipse Series 14: Rossellini’s History Films—Renaissance and Enlightenment, , 
The Age of the Medici,Roberto Rossellini,1973
Cartesius,Roberto Rossellini,1974
Blaise Pascal,Roberto Rossellini,1972
Eclipse Series 15: Travels with Hiroshi Shimizu, , 
Japanese Girls at the Harbor,Hiroshi Shimizu,1933
Mr. Thank You,Hiroshi Shimizu,1936
The Masseurs and a Woman,Hiroshi Shimizu,1938
Ornamental Hairpin,Hiroshi Shimizu,1941
Eclipse Series 16: Alexander Korda’s Private Lives, , 
The Private Life of Henry VIII,Alexander Korda,1933
The Rise of Catherine the Great,Paul Czinner,1934
The Private Life of Don Juan,Alexander Korda,1934
Rembrandt,Alexander Korda,1936
Eclipse Series 17: Nikkatsu Noir, , 
I Am Waiting,Koreyoshi Kurahara,1957
Rusty Knife,Toshio Masuda,1958
Take Aim at the Police Van,Seijun Suzuki,1960
Cruel Gun Story,Takumi Furukawa,1964
A Colt Is My Passport,Takashi Nomura,1967
Eclipse Series 18: Dušan Makavejev—Free Radical, , 
Man Is Not a Bird,Dušan Makavejev,1965
"Love Affair, or the Case of the Missing Switchboard Operator",Dušan Makavejev,1967
Innocence Unprotected,Dušan Makavejev,1968
Eclipse Series 19: Chantal Akerman in the Seventies, , 
La chambre,Chantal Akerman,1972
Hotel Monterey,Chantal Akerman,1972
News from Home,Chantal Akerman,1976
Je tu il elle,Chantal Akerman,1975
Les rendez-vous d’Anna,Chantal Akerman,1978
Eclipse Series 20: George Bernard Shaw on Film, , 
Major Barbara,Gabriel Pascal,1941
Caesar and Cleopatra,Gabriel Pascal,1945
Androcles and the Lion, Chester Erskine,1952
Eclipse Series 21: Oshima’s Outlaw Sixties, , 
Pleasures of the Flesh,Nagisa Oshima,1965
Violence at Noon,Nagisa Oshima,1966
Sing a Song of Sex,Nagisa Oshima,1967
Japanese Summer: Double Suicide,Nagisa Oshima,1967
Three Resurrected Drunkards,Nagisa Oshima,1968
Eclipse Series 22: Presenting Sacha Guitry, , 
The Story of a Cheat,Sacha Guitry,1936
The Pearls of the Crown,Sacha Guitry,1937
Désiré,Sacha Guitry,1937
Quadrille,Sacha Guitry,1938
Eclipse Series 23: The First Films of Akira Kurosawa, , 
Sanshiro Sugata,Akira Kurosawa,1943
The Most Beautiful,Akira Kurosawa,1944
"Sanshiro Sugata, Part Two",Akira Kurosawa,1945
The Men Who Tread on the Tiger’s Tail,Akira Kurosawa,1945
Eclipse Series 24: The Actuality Dramas of Allan King, , 
Warrendale,Allan King,1967
A Married Couple,Allan King,1969
Come On Children,Allan King,1972
Dying at Grace,Allan King,2003
"Memory for Max, Claire, Ida and Company",Allan King,2005
Eclipse Series 25: Basil Dearden’s London Underground, , 
Sapphire,Basil Dearden,1959
The League of Gentlemen,Basil Dearden,1960
Victim,Basil Dearden,1961
All Night Long,Basil Dearden,1962
Eclipse Series 26: Silent Naruse, , 
"Flunky, Work Hard",Mikio Naruse,1931
No Blood Relation,Mikio Naruse,1932
Apart from You,Mikio Naruse,1933
Every-Night Dreams,Mikio Naruse,1933
Street Without End,Mikio Naruse,1934
Eclipse Series 27: Raffaello Matarazzo’s Runaway Melodramas, , 
Chains,Raffaello Matarazzo,1949
Tormento,Raffaello Matarazzo,1950
Nobody’s Children,Raffaello Matarazzo,1952
The White Angel,Raffaello Matarazzo,1955
Eclipse Series 28: The Warped World of Koreyoshi Kurahara, , 
Intimidation,Koreyoshi Kurahara,1960
The Warped Ones,Koreyoshi Kurahara,1960
I Hate But Love,Koreyoshi Kurahara,1962
Black Sun,Koreyoshi Kurahara,1964
Thirst for Love,Koreyoshi Kurahara,1967
Eclipse Series 29: Aki Kaurismäki’s Leningrad Cowboys, , 
Leningrad Cowboys Go America,Aki Kaurismäki,1989
Leningrad Cowboys Meet Moses,Aki Kaurismäki,1994
Total Balalaika Show,Aki Kaurismäki,1994
Eclipse Series 30: Sabu!, , 
Elephant Boy,Robert Flaherty…,1937
The Drum,Zoltán Korda,1938
Jungle Book,Zoltán Korda,1942
Eclipse Series 31: Three Popular Films by Jean-Pierre Gorin, , 
Poto and Cabengo,Jean-Pierre Gorin,1980
Routine Pleasures,Jean-Pierre Gorin,1986
My Crasy Life,Jean-Pierre Gorin,1992
Eclipse Series 32: Pearls of the Czech New Wave, , 
Pearls of the Deep,Jiří Menzel…,1966
Daisies,Věra Chytilová,1966
A Report on the Party and Guests,Jan Němec,1966
Return of the Prodigal Son,Evald Schorm,1967
Capricious Summer,Jiří Menzel,1968
The Joke,Jaromil Jireš,1969
Eclipse Series 33: Up All Night with Robert Downey Sr., , 
Babo 73,Robert Downey Sr.,1964
Chafed Elbows,Robert Downey Sr.,1966
No More Excuses,Robert Downey Sr.,1968
Putney Swope,Robert Downey Sr.,1969
Two Tons of Turquoise to Taos Tonight,Robert Downey Sr.,1975
Eclipse Series 34: Jean Grémillon During the Occupation, , 
Remorques,Jean Grémillon,1941
Lumière d’été,Jean Grémillon,1943
Le ciel est à vous,Jean Grémillon,1944
Eclipse Series 35: Maidstone and Other Films by Norman Mailer, , 
Maidstone,Norman Mailer,1970
Wild 90,Norman Mailer,1968
Beyond the Law,Norman Mailer,1968
Eclipse Series 36: Three Wicked Melodramas from Gainsborough Pictures, , 
The Man in Grey,Leslie Arliss,1943
Madonna of the Seven Moons,Arthur Crabtree,1945
The Wicked Lady,Leslie Arliss,1945
Eclipse Series 37: When Horror Came to Shochiku, , 
The X from Outer Space,Kazui Nihonmatsu,1967
"Goke, Body Snatcher from Hell",Hajime Sato,1968
The Living Skeleton,Hiroshi Matsuno,1968
Genocide,Kazui Nihonmatsu,1968
Eclipse Series 38: Masaki Kobayashi Against the System, , 
The Thick-Walled Room,Masaki Kobayashi,1956
I Will Buy You,Masaki Kobayashi,1956
Black River,Masaki Kobayashi,1956
The Inheritance,Masaki Kobayashi,1962
Eclipse Series 39: Early Fassbinder, , 
Love Is Colder Than Death,Rainer Werner Fassbinder,1969
Katzelmacher,Rainer Werner Fassbinder,1969
Gods of the Plague,Rainer Werner Fassbinder,1969
The American Soldier,Rainer Werner Fassbinder,1970
Beware of a Holy Whore,Rainer Werner Fassbinder,1970
Eclipse Series 40: Late Ray, , 
The Home and the World,Satyajit Ray,1984
An Enemy of the People,Satyajit Ray,1989
The Stranger,Satyajit Ray,1991
Eclipse Series 41: Kinoshita and World War II, , 
Port of Flowers,Keisuke Kinoshita,1943
The Living Magoroku,Keisuke Kinoshita,1943
Jubilation Street,Keisuke Kinoshita,1944
Army,Keisuke Kinoshita,1944
Morning for the Osone Family,Keisuke Kinoshita,1946
Eclipse Series 42: Silent Ozu—Three Crime Dramas, , 
Walk Cheerfully,Yasujirō Ozu,1930
That Night’s Wife,Yasujirō Ozu,1930
Dragnet Girl,Yasujirō Ozu,1933
Eclipse Series 43: Agnès Varda in California, , 
Uncle Yanco,Agnès Varda,1968
Black Panthers,Agnès Varda,1970
Lions Love (. . . and Lies),Agnès Varda,1969
Mur Murs,Agnès Varda,1981
Documenteur,Agnès Varda,1981
Eclipse Series 44: Julien Duvivier in the Thirties, , 
David Golder,Julien Duvivier,1930
Poil de carotte,Julien Duvivier,1932
La tête d’un homme,Julien Duvivier,1933
Un carnet de bal,Julien Duvivier,1937
Eclipse Series 45: Claude Autant-Lara—Four Romantic Escapes from Occupied France, , 
Le mariage de Chiffon,Claude Autant-Lara,1942
Lettres d’amour,Claude Autant-Lara,1942
Douce,Claude Autant-Lara,1943
Sylvie et le fantôme,Claude Autant-Lara,1946
Eclipse Series 46: Ingrid Bergman’s Swedish Years, , 
The Count of the Old Town,Sigurd Wallén…,1935
Walpurgis Night,Gustaf Edgren,1935
Intermezzo,Gustaf Molander,1936
Dollar,Gustaf Molander,1938
A Woman’s Face,Gustaf Molander,1938
June Night,Per Lindberg,1940
Kapò,Gillo Pontecorvo,1959
Gervaise,René Clément,1956
Streetwise/Tiny: The Life of Erin Blackwell, , 
Last Holiday,Henry Cass,1950
Anthem,Marlon Riggs,1991
Color Adjustment,Marlon Riggs,1992
Affirmations,Marlon Riggs,1990
"Non, Je Ne Regrette Rien (No Regret)",Marlon Riggs,1993
Black Is . . . Black Ain’t,Marlon Riggs,1995
Ethnic Notions,Marlon Riggs,1986
Tongues Untied,Marlon Riggs,1989
Mayerling,Anatole Litvak,1936
Laura,Otto Preminger,1944
Fallen Angel,Otto Preminger,1945
Daisy Kenyon,Otto Preminger,1947
Forever Amber,Otto Preminger,1947
Whirlpool,Otto Preminger,1949
Where the Sidewalk Ends,Otto Preminger,1950
The 13th Letter,Otto Preminger,1951
Angel Face,Otto Preminger,1953
The Moon is Blue,Otto Preminger,1953
Carmen Jones,Otto Preminger,1954
River of No Return,Otto Preminger,1954
The Man with the Golden Arm,Otto Preminger,1955
Saint Joan,Otto Preminger,1957
Porgy and Bess,Otto Preminger,1959
Exodus,Otto Preminger,1960
Advise and Consent,Otto Preminger,1962
The Cardinal,Otto Preminger,1963
Bunny Lake is Missing,Otto Preminger,1965
In Harm's Way,Otto Preminger,1965
Hurry Sundown,Otto Preminger,1967
Skidoo,Otto Preminger,1968
Such Good Friends,Otto Preminger,1971
The Human Factor,Otto Preminger,1979
